dimension	comparison	acceptance	detail	owner
EXACT_FIELD_PARITY	EXACT	ZERO_MISMATCH	shared normalized fields	Intelligence
DERIVED_VALUE_PARITY	DERIVED	ZERO_MISMATCH	versioned deterministic derivation	Intelligence
AGGREGATE_WINDOW_PARITY	EXACT_DERIVED	ZERO_MISMATCH	7/30/90 windows	Intelligence
ORDERING_NOT_COMPARABLE	CATEGORICAL	EXPECTED_SEMANTIC_GAP	no event order	Intelligence
EVENT_GRAIN_MISSING	CATEGORICAL	EXPECTED_SEMANTIC_GAP	no event reconstruction	Intelligence
EXPLICIT_PREFERENCE_MISSING	CATEGORICAL	EXPECTED_SEMANTIC_GAP	source absent	Intelligence
TRANSFORM_POLICY_MISSING	CATEGORICAL	EXPECTED_SEMANTIC_GAP	vocabulary/decay/saturation protected	Intelligence
FINGERPRINT_SEMANTICS_PROTECTED	PROTECTED	PROTECTED_AUTHORITY_DIFFERENCE	do not replace current fingerprint	Intelligence+SC
IDENTITY_BLOCKED	FAIL_CLOSED	IDENTITY_MAPPING_REQUIRED	synthetic binding required	SC
